customer_id,customer_name,email,gender,product_id
1,Darrell Robinson,lindaalexander@example.org,M,44
2,William Valencia,carrollmichelle@example.org,M,19
3,Roy Crawford,christine67@example.com,M,25
4,Alex Jones,johnnorman@example.com,F,2
5,Erik Logan,soniaaguilar@example.org,M,28
6,Kenneth Torres,weaverpaul@example.org,F,3
7,David Conner,jamespark@example.com,F,29
8,Kevin Robles,susan97@example.net,M,11
9,Javier Ross,petersoncatherine@example.net,M,34
10,Matthew Jordan,ashley73@example.net,M,1
11,Shane Moore,perkinsmatthew@example.com,M,38
12,David Stewart,nicolas18@example.org,F,22
13,Johnny Barnett,nicole06@example.com,F,23
14,Brooke Ward,nicole31@example.org,F,24
15,Jessica Gutierrez,miranda17@example.net,F,19
16,Sheila Brown,torreschristopher@example.org,M,19
17,Samuel Meyer,bowerschristopher@example.net,F,2
18,Regina Patterson,andersonlauren@example.net,M,31
19,Marie Hernandez,blackwellzachary@example.org,F,26
20,Monica Garcia,dustin31@example.com,F,35
21,Jason Mcknight,lauracarney@example.net,M,41
22,Christine Marshall,martinjoseph@example.org,M,25
23,Jose Rodriguez,shawn67@example.org,M,43
24,Elizabeth Burke,timothy87@example.org,M,29
25,Courtney Carroll,twebb@example.org,F,48
26,Nicole Leonard,jonesrobyn@example.com,F,41
27,Robert Torres,owilliams@example.org,M,4
28,Katherine Robinson,vvaughn@example.com,M,32
29,Jennifer Pierce,yspencer@example.net,F,11
30,Susan Davis,rcastillo@example.net,F,11
31,Sandra Smith,jerrysuarez@example.net,M,2
32,George Barrera,bdavis@example.net,M,39
33,Kevin Rocha,chavezcarrie@example.com,M,22
34,Chad Williams,qwalton@example.com,F,6
35,Katherine Brown,tdavidson@example.org,F,8
36,Charles Christensen,uhill@example.org,M,17
37,Christopher Watson,garciasherry@example.net,F,16
38,Robert Flowers,davismark@example.org,M,16
39,Mr. Steven Roman DVM,dianahernandez@example.net,M,40
40,Brian Morrison,arice@example.org,F,33
41,Amy Norton,richard55@example.org,F,26
42,Edward Preston,jesus65@example.net,M,49
43,Dr. Kimberly Lane,adam53@example.com,F,43
44,Amanda Kelly,beckygonzalez@example.org,M,31
45,Jeffrey Ross,smithdustin@example.com,M,46
46,Diane Phillips,srivers@example.net,M,50
47,Brian Hines,savannah33@example.net,F,15
48,Mary Sanchez,tgarcia@example.net,F,42
49,Sherri Reed,lynchchristopher@example.com,F,24
50,Tiffany Griffin,awade@example.org,F,18
51,Alejandro Williams DDS,hannahcrane@example.net,F,14
52,Monique Gutierrez,rhodesashley@example.com,F,41
53,Wesley Johnson,gbender@example.com,F,38
54,Jonathan Yates,bethany22@example.net,F,20
55,Christine Cameron,whatfield@example.com,F,33
56,Eric Wright,michaelmccarthy@example.com,M,39
57,Joseph Harper,kyle77@example.net,F,50
58,Janice Gutierrez,sgonzalez@example.org,M,7
59,David Marshall DDS,matthew02@example.com,M,49
60,Katherine Evans,robinsontristan@example.org,M,9
61,Spencer Maldonado,mbarr@example.org,M,3
62,William Gibson,alishahamilton@example.com,F,29
63,Jeff Adams,maryvasquez@example.net,F,10
64,Christine Cox,jenkinsdavid@example.net,M,44
65,Thomas Davidson,jeffreymccoy@example.org,M,20
66,Bailey Jones,qlewis@example.net,M,5
67,Patricia Orr,deborahhall@example.net,M,21
68,Eileen Bennett,riveraedward@example.org,M,12
69,Christina Ward,ehensley@example.net,F,25
70,Judy Thompson,vmiles@example.com,F,28
71,Danielle Lester,michael98@example.org,M,22
72,Jorge Tanner,nicole91@example.org,F,37
73,Casey Miller,agarrett@example.net,F,42
74,Dennis Velasquez,ohawkins@example.org,M,35
75,Nicole Lopez,twong@example.org,M,9
76,Karla Campos,wagnerolivia@example.net,F,17
77,Catherine Becker,rcosta@example.org,M,14
78,Gary Cooper,fkaufman@example.org,M,42
79,Lorraine Jones,randy01@example.com,M,4
80,Robert Schultz MD,brendaolson@example.org,M,41
81,Dr. Edward Santiago,corey67@example.net,F,1
82,Renee Lynn,adkinsclaudia@example.net,M,6
83,Joseph Daniels,sara93@example.net,M,19
84,Stacy Barnes,mmartin@example.com,F,19
85,Erica Conway,tara85@example.net,F,23
86,Erika Mccann,colliercameron@example.net,F,21
87,Dana Carroll,kelly60@example.net,F,12
88,Patricia Singh,cookbrian@example.org,M,16
89,Patricia Martin,scottsarah@example.net,F,8
90,Jerry Grant,pamelavega@example.net,F,7
91,Robert Jones,moralesjennifer@example.org,F,17
92,Ashley Clark,watersjennifer@example.com,F,15
93,Mark Ingram,cooleymary@example.net,F,12
94,Peter Campbell,foneal@example.com,M,22
95,Gregory Jimenez,aliciawatson@example.net,M,6
96,William Williams,nalvarado@example.com,M,17
97,Benjamin Shaw,janice94@example.net,M,30
98,Elizabeth Ward,fgarcia@example.com,F,47
99,Jennifer Fritz,amandagarcia@example.net,M,38
100,Lisa Moore,leroyhuff@example.org,M,8
101,Sarah Miller,dannysilva@example.org,M,16
102,Donna Cain,lynn18@example.net,M,13
103,Pamela Bridges,williamgaines@example.org,F,45
104,Edward Bailey,robert88@example.com,F,19
105,Joy Jones,llittle@example.net,M,46
106,Brian Donovan,lindseywells@example.net,F,46
107,Gary Mcmillan,edward64@example.net,F,33
108,Thomas Morales,matthew02@example.com,M,3
109,Jessica Morris,julie51@example.net,F,45
110,Charles Jones,patriciaflores@example.net,M,6
111,Michelle Vasquez,karenbond@example.com,M,41
112,Adam Sanchez,bnelson@example.org,M,39
113,Charles Martin,loriramos@example.org,F,11
114,Daniel Dennis,olsenkimberly@example.net,F,21
115,Spencer Stevens,castrodaniel@example.com,M,6
116,Thomas Meza,patriciathompson@example.net,F,22
117,Cynthia Koch,brightrobert@example.org,F,12
118,Jesse Diaz,brownpaul@example.com,M,36
119,Steven Donovan,frederick92@example.net,M,47
120,Connor Hill,pparker@example.com,F,17
121,Lisa Hall,lsteele@example.net,M,44
122,Todd Moore,wwilliams@example.com,M,4
123,Todd Garcia,reyesashley@example.net,M,30
124,Timothy Richardson,davisadam@example.com,F,25
125,Rebecca Mendoza,michael20@example.org,F,5
126,Karen Gordon,svega@example.net,M,49
127,Jared Christian,costatonya@example.net,M,29
128,Christian Nelson,kimrebekah@example.net,F,31
129,Christopher Medina,iscott@example.org,F,6
130,Brandi Howard,thompsonaaron@example.org,M,45
131,Thomas Mclaughlin,joshua88@example.com,F,18
132,Maria Frank,tcharles@example.org,F,7
133,Catherine Smith,caitlinedwards@example.net,M,30
134,Eric Newton,thomas60@example.org,F,18
135,Victoria Harper,jonesdestiny@example.org,F,39
136,Jerry Payne,pmeyer@example.net,M,3
137,Miss Karen Dean,luis48@example.com,M,25
138,Mr. Ralph Kennedy DDS,vickiesmith@example.org,F,31
139,Brooke Hale,brandon04@example.com,M,11
140,Nicole Solomon,moonlee@example.com,F,1
141,Corey Garcia,ksosa@example.org,M,22
142,Leah Calhoun,uzimmerman@example.org,M,6
143,Jamie Love,lguzman@example.com,M,14
144,Lisa Thompson,michaelphillips@example.com,F,12
145,Steven Chambers,sarahramos@example.org,F,33
146,Matthew Mann,hhubbard@example.org,F,47
147,Sarah Brown,cynthialarsen@example.com,M,36
148,James Mitchell,mark67@example.net,F,14
149,Savannah Williams,robertedwards@example.net,M,6
150,Matthew Nelson,ryan80@example.com,F,40
151,Michael Welch,billwright@example.org,F,43
152,Alicia Joyce,jessicafigueroa@example.org,F,43
153,Richard Hodges,daniel27@example.net,F,2
154,Angie Griffin,sharonroberts@example.org,F,14
155,Christopher Banks,nmitchell@example.com,F,28
156,Mike Long,smithmaria@example.com,M,24
157,Martin Taylor,mellis@example.org,F,46
158,Michael Sparks,johnsonalexander@example.com,F,46
159,Mallory Hill,cindydunlap@example.com,M,39
160,Samantha Schmidt,jakethornton@example.org,M,39
161,Jeffrey Donovan,reginadillon@example.org,M,19
162,Mrs. Katherine Donovan DVM,hmunoz@example.org,F,46
163,Kenneth Cox,robinsonalex@example.com,M,26
164,Joshua Krause,christianjones@example.net,M,45
165,Richard Thompson,moorepeter@example.com,M,43
166,Brian Myers,alexajones@example.net,M,38
167,Victor Murphy,sheilasmith@example.com,F,20
168,Ronald Wilson,rodriguezjason@example.com,F,1
169,Christine Dawson,justin30@example.org,M,13
170,James Fisher,fbaker@example.net,F,20
171,Christopher Walker,alexajones@example.com,M,10
172,Shane Rivera,thomaswhite@example.org,F,48
173,Carlos Cain,davidtrevino@example.org,F,45
174,Joshua Cline,paula88@example.org,F,33
175,Stephen Murray,medinadanny@example.com,M,22
176,Brittany Velazquez,harriskevin@example.org,M,16
177,Manuel Costa,enash@example.org,M,35
178,Joann Rodriguez,sanchezalexander@example.org,F,21
179,Rebecca Simpson,richarddavis@example.net,M,43
180,Sandra Smith,martin91@example.org,F,49
181,Stacey Barajas,ehale@example.com,F,33
182,Vincent Davis,dmiller@example.com,M,10
183,Felicia Adams,rachel99@example.com,F,25
184,Diana Miller,hallgregory@example.com,M,13
185,Shawn Bowman,randy16@example.com,M,29
186,Christopher Miller,paigejordan@example.org,F,23
187,Tammy Bush,kendrajames@example.org,M,22
188,Joyce Perry,dwerner@example.net,F,4
189,Benjamin Ingram,steelechristopher@example.com,M,42
190,April Williams,mcdanieljanet@example.com,F,20
191,Julia Palmer,jaydavis@example.org,M,44
192,Dean Bowen,mckinneyscott@example.com,F,31
193,Kimberly Sullivan,alewis@example.com,M,28
194,John Davis,parkerjim@example.com,F,34
195,Terri Franco,walkermiguel@example.com,M,2
196,Evan Armstrong,mskinner@example.com,M,12
197,Ashley Ramirez,kbaker@example.org,F,35
198,Richard Rose,medinaeric@example.com,M,39
199,Barbara Dyer,dennisjohnson@example.com,M,31
200,Terri Jennings,anthonyjackson@example.com,M,8
